{
	"94859997_od_NOE6v7B.jpg": [
		[
			11,
			[
				0.19321669802140962,
				0.49001097679138184,
				0.09436530397649395,
				0.1469995498657226
			]
		],
		[
			6,
			[
				0.6817610891241777,
				0.4800891399383545,
				0.2823709247595195,
				0.12970085144042975
			]
		],
		[
			4,
			[
				0.2372044224107855,
				0.6581136226654053,
				0.05608240154941688,
				0.0621846199035645
			]
		],
		[
			4,
			[
				0.16632852752052807,
				0.6641337871551514,
				0.056854467072555315,
				0.062471866607666016
			]
		],
		[
			2,
			[
				0.6871020303388532,
				0.6606462478637696,
				0.2971156848864882,
				0.09652576446533201
			]
		],
		[
			3,
			[
				0.37854614744536236,
				0.6568532466888428,
				0.021147221469422828,
				0.06258249282836914
			]
		],
		[
			3,
			[
				0.33686699631491723,
				0.6497585296630859,
				0.020849054509943177,
				0.06273136138916013
			]
		],
		[
			3,
			[
				0.4243285256709779,
				0.6722842216491699,
				0.020787873336573004,
				0.06288957595825195
			]
		],
		[
			9,
			[
				0.4028119295597837,
				0.49085445404052735,
				0.18707411673270535,
				0.08198652267456052
			]
		]
	],
	"94859997_od_hUFi9dc.jpg": [
		[
			11,
			[
				0.19321669802140962,
				0.49001097679138184,
				0.09436530397649395,
				0.1469995498657226
			]
		],
		[
			6,
			[
				0.6817610891241777,
				0.4800891399383545,
				0.2823709247595195,
				0.12970085144042975
			]
		],
		[
			4,
			[
				0.2372044224107855,
				0.6581136226654053,
				0.05608240154941688,
				0.0621846199035645
			]
		],
		[
			4,
			[
				0.16632852752052807,
				0.6641337871551514,
				0.056854467072555315,
				0.062471866607666016
			]
		],
		[
			2,
			[
				0.6871020303388532,
				0.6606462478637696,
				0.2971156848864882,
				0.09652576446533201
			]
		],
		[
			3,
			[
				0.37854614744536236,
				0.6568532466888428,
				0.021147221469422828,
				0.06258249282836914
			]
		],
		[
			3,
			[
				0.33686699631491723,
				0.6497585296630859,
				0.020849054509943177,
				0.06273136138916013
			]
		],
		[
			3,
			[
				0.4243285256709779,
				0.6722842216491699,
				0.020787873336573004,
				0.06288957595825195
			]
		],
		[
			9,
			[
				0.4028119295597837,
				0.49085445404052735,
				0.18707411673270535,
				0.08198652267456052
			]
		]
	],
	"94859997_od_HfKBOjn.jpg": [
		[
			11,
			[
				0.19321669802140962,
				0.49001097679138184,
				0.09436530397649395,
				0.1469995498657226
			]
		],
		[
			6,
			[
				0.6817610891241777,
				0.4800891399383545,
				0.2823709247595195,
				0.12970085144042975
			]
		],
		[
			4,
			[
				0.2372044224107855,
				0.6581136226654053,
				0.05608240154941688,
				0.0621846199035645
			]
		],
		[
			4,
			[
				0.16632852752052807,
				0.6641337871551514,
				0.056854467072555315,
				0.062471866607666016
			]
		],
		[
			2,
			[
				0.6871020303388532,
				0.6606462478637696,
				0.2971156848864882,
				0.09652576446533201
			]
		],
		[
			3,
			[
				0.37854614744536236,
				0.6568532466888428,
				0.021147221469422828,
				0.06258249282836914
			]
		],
		[
			3,
			[
				0.33686699631491723,
				0.6497585296630859,
				0.020849054509943177,
				0.06273136138916013
			]
		],
		[
			3,
			[
				0.4243285256709779,
				0.6722842216491699,
				0.020787873336573004,
				0.06288957595825195
			]
		],
		[
			9,
			[
				0.4028119295597837,
				0.49085445404052735,
				0.18707411673270535,
				0.08198652267456052
			]
		]
	]
}